PMID,search_term,search_type
30587918,"((""Giapreza""or""Angiotensin II and LFPC-501""or""LJPC-501"") AND (Clinical Trial, Phase IV [pt]) AND (human [MeSH Terms])) NOT (Review [pt]) AND (1980:2020 [pdat])",drug
30103622,"((""Giapreza""or""Angiotensin II and LFPC-501""or""LJPC-501"") AND (Clinical Trial, Phase IV [pt]) AND (human [MeSH Terms])) NOT (Review [pt]) AND (1980:2020 [pdat])",drug
29915021,"((""Giapreza""or""Angiotensin II and LFPC-501""or""LJPC-501"") AND (Clinical Trial, Phase IV [pt]) AND (human [MeSH Terms])) NOT (Review [pt]) AND (1980:2020 [pdat])",drug
28796934,"((""Giapreza""or""Angiotensin II and LFPC-501""or""LJPC-501"") AND (Clinical Trial, Phase IV [pt]) AND (human [MeSH Terms])) NOT (Review [pt]) AND (1980:2020 [pdat])",drug
28449402,"((""Giapreza""or""Angiotensin II and LFPC-501""or""LJPC-501"") AND (Clinical Trial, Phase IV [pt]) AND (human [MeSH Terms])) NOT (Review [pt]) AND (1980:2020 [pdat])",drug
27860389,"((""Giapreza""or""Angiotensin II and LFPC-501""or""LJPC-501"") AND (Clinical Trial, Phase IV [pt]) AND (human [MeSH Terms])) NOT (Review [pt]) AND (1980:2020 [pdat])",drug
27548072,"((""Giapreza""or""Angiotensin II and LFPC-501""or""LJPC-501"") AND (Clinical Trial, Phase IV [pt]) AND (human [MeSH Terms])) NOT (Review [pt]) AND (1980:2020 [pdat])",drug
26248276,"((""Giapreza""or""Angiotensin II and LFPC-501""or""LJPC-501"") AND (Clinical Trial, Phase IV [pt]) AND (human [MeSH Terms])) NOT (Review [pt]) AND (1980:2020 [pdat])",drug
23957824,"((""Giapreza""or""Angiotensin II and LFPC-501""or""LJPC-501"") AND (Clinical Trial, Phase IV [pt]) AND (human [MeSH Terms])) NOT (Review [pt]) AND (1980:2020 [pdat])",drug
23915518,"((""Giapreza""or""Angiotensin II and LFPC-501""or""LJPC-501"") AND (Clinical Trial, Phase IV [pt]) AND (human [MeSH Terms])) NOT (Review [pt]) AND (1980:2020 [pdat])",drug
23826760,"((""Giapreza""or""Angiotensin II and LFPC-501""or""LJPC-501"") AND (Clinical Trial, Phase IV [pt]) AND (human [MeSH Terms])) NOT (Review [pt]) AND (1980:2020 [pdat])",drug
23519546,"((""Giapreza""or""Angiotensin II and LFPC-501""or""LJPC-501"") AND (Clinical Trial, Phase IV [pt]) AND (human [MeSH Terms])) NOT (Review [pt]) AND (1980:2020 [pdat])",drug
23254596,"((""Giapreza""or""Angiotensin II and LFPC-501""or""LJPC-501"") AND (Clinical Trial, Phase IV [pt]) AND (human [MeSH Terms])) NOT (Review [pt]) AND (1980:2020 [pdat])",drug
22717420,"((""Giapreza""or""Angiotensin II and LFPC-501""or""LJPC-501"") AND (Clinical Trial, Phase IV [pt]) AND (human [MeSH Terms])) NOT (Review [pt]) AND (1980:2020 [pdat])",drug
21649839,"((""Giapreza""or""Angiotensin II and LFPC-501""or""LJPC-501"") AND (Clinical Trial, Phase IV [pt]) AND (human [MeSH Terms])) NOT (Review [pt]) AND (1980:2020 [pdat])",drug
20469750,"((""Giapreza""or""Angiotensin II and LFPC-501""or""LJPC-501"") AND (Clinical Trial, Phase IV [pt]) AND (human [MeSH Terms])) NOT (Review [pt]) AND (1980:2020 [pdat])",drug
20147971,"((""Giapreza""or""Angiotensin II and LFPC-501""or""LJPC-501"") AND (Clinical Trial, Phase IV [pt]) AND (human [MeSH Terms])) NOT (Review [pt]) AND (1980:2020 [pdat])",drug
19628656,"((""Giapreza""or""Angiotensin II and LFPC-501""or""LJPC-501"") AND (Clinical Trial, Phase IV [pt]) AND (human [MeSH Terms])) NOT (Review [pt]) AND (1980:2020 [pdat])",drug
18712142,"((""Giapreza""or""Angiotensin II and LFPC-501""or""LJPC-501"") AND (Clinical Trial, Phase IV [pt]) AND (human [MeSH Terms])) NOT (Review [pt]) AND (1980:2020 [pdat])",drug
17451283,"((""Giapreza""or""Angiotensin II and LFPC-501""or""LJPC-501"") AND (Clinical Trial, Phase IV [pt]) AND (human [MeSH Terms])) NOT (Review [pt]) AND (1980:2020 [pdat])",drug
16596026,"((""Giapreza""or""Angiotensin II and LFPC-501""or""LJPC-501"") AND (Clinical Trial, Phase IV [pt]) AND (human [MeSH Terms])) NOT (Review [pt]) AND (1980:2020 [pdat])",drug
16487914,"((""Giapreza""or""Angiotensin II and LFPC-501""or""LJPC-501"") AND (Clinical Trial, Phase IV [pt]) AND (human [MeSH Terms])) NOT (Review [pt]) AND (1980:2020 [pdat])",drug
15887845,"((""Giapreza""or""Angiotensin II and LFPC-501""or""LJPC-501"") AND (Clinical Trial, Phase IV [pt]) AND (human [MeSH Terms])) NOT (Review [pt]) AND (1980:2020 [pdat])",drug
12555316,"((""Giapreza""or""Angiotensin II and LFPC-501""or""LJPC-501"") AND (Clinical Trial, Phase IV [pt]) AND (human [MeSH Terms])) NOT (Review [pt]) AND (1980:2020 [pdat])",drug
31679186,"((""Natpara""or""Parathyroid hormone""or""parathyroid hormone and  NPS"") AND (Clinical Trial, Phase IV [pt]) AND (human [MeSH Terms])) NOT (Review [pt]) AND (1980:2020 [pdat])",drug
30381412,"((""Natpara""or""Parathyroid hormone""or""parathyroid hormone and  NPS"") AND (Clinical Trial, Phase IV [pt]) AND (human [MeSH Terms])) NOT (Review [pt]) AND (1980:2020 [pdat])",drug
30290685,"((""Natpara""or""Parathyroid hormone""or""parathyroid hormone and  NPS"") AND (Clinical Trial, Phase IV [pt]) AND (human [MeSH Terms])) NOT (Review [pt]) AND (1980:2020 [pdat])",drug
27737388,"((""Natpara""or""Parathyroid hormone""or""parathyroid hormone and  NPS"") AND (Clinical Trial, Phase IV [pt]) AND (human [MeSH Terms])) NOT (Review [pt]) AND (1980:2020 [pdat])",drug
26224587,"((""Natpara""or""Parathyroid hormone""or""parathyroid hormone and  NPS"") AND (Clinical Trial, Phase IV [pt]) AND (human [MeSH Terms])) NOT (Review [pt]) AND (1980:2020 [pdat])",drug
25904755,"((""Natpara""or""Parathyroid hormone""or""parathyroid hormone and  NPS"") AND (Clinical Trial, Phase IV [pt]) AND (human [MeSH Terms])) NOT (Review [pt]) AND (1980:2020 [pdat])",drug
25873267,"((""Natpara""or""Parathyroid hormone""or""parathyroid hormone and  NPS"") AND (Clinical Trial, Phase IV [pt]) AND (human [MeSH Terms])) NOT (Review [pt]) AND (1980:2020 [pdat])",drug
24500308,"((""Natpara""or""Parathyroid hormone""or""parathyroid hormone and  NPS"") AND (Clinical Trial, Phase IV [pt]) AND (human [MeSH Terms])) NOT (Review [pt]) AND (1980:2020 [pdat])",drug
24356952,"((""Natpara""or""Parathyroid hormone""or""parathyroid hormone and  NPS"") AND (Clinical Trial, Phase IV [pt]) AND (human [MeSH Terms])) NOT (Review [pt]) AND (1980:2020 [pdat])",drug
24214232,"((""Natpara""or""Parathyroid hormone""or""parathyroid hormone and  NPS"") AND (Clinical Trial, Phase IV [pt]) AND (human [MeSH Terms])) NOT (Review [pt]) AND (1980:2020 [pdat])",drug
23834479,"((""Natpara""or""Parathyroid hormone""or""parathyroid hormone and  NPS"") AND (Clinical Trial, Phase IV [pt]) AND (human [MeSH Terms])) NOT (Review [pt]) AND (1980:2020 [pdat])",drug
23463658,"((""Natpara""or""Parathyroid hormone""or""parathyroid hormone and  NPS"") AND (Clinical Trial, Phase IV [pt]) AND (human [MeSH Terms])) NOT (Review [pt]) AND (1980:2020 [pdat])",drug
23328710,"((""Natpara""or""Parathyroid hormone""or""parathyroid hormone and  NPS"") AND (Clinical Trial, Phase IV [pt]) AND (human [MeSH Terms])) NOT (Review [pt]) AND (1980:2020 [pdat])",drug
22387567,"((""Natpara""or""Parathyroid hormone""or""parathyroid hormone and  NPS"") AND (Clinical Trial, Phase IV [pt]) AND (human [MeSH Terms])) NOT (Review [pt]) AND (1980:2020 [pdat])",drug
21962172,"((""Natpara""or""Parathyroid hormone""or""parathyroid hormone and  NPS"") AND (Clinical Trial, Phase IV [pt]) AND (human [MeSH Terms])) NOT (Review [pt]) AND (1980:2020 [pdat])",drug
21052638,"((""Natpara""or""Parathyroid hormone""or""parathyroid hormone and  NPS"") AND (Clinical Trial, Phase IV [pt]) AND (human [MeSH Terms])) NOT (Review [pt]) AND (1980:2020 [pdat])",drug
16282676,"((""Natpara""or""Parathyroid hormone""or""parathyroid hormone and  NPS"") AND (Clinical Trial, Phase IV [pt]) AND (human [MeSH Terms])) NOT (Review [pt]) AND (1980:2020 [pdat])",drug
32718906,"((""Opdivo""or""Nivolumab""or""nivolumab"") AND (Clinical Trial, Phase IV [pt]) AND (human [MeSH Terms])) NOT (Review [pt]) AND (1980:2020 [pdat])",drug
30811280,"((""Opdivo""or""Nivolumab""or""nivolumab"") AND (Clinical Trial, Phase IV [pt]) AND (human [MeSH Terms])) NOT (Review [pt]) AND (1980:2020 [pdat])",drug
29442139,"((""Opdivo""or""Nivolumab""or""nivolumab"") AND (Clinical Trial, Phase IV [pt]) AND (human [MeSH Terms])) NOT (Review [pt]) AND (1980:2020 [pdat])",drug
32129681,"((""Xarelto""or""Rivaroxaban""or""rivaroxaban"") AND (Clinical Trial, Phase IV [pt]) AND (human [MeSH Terms])) NOT (Review [pt]) AND (1980:2020 [pdat])",drug
31120118,"((""Xarelto""or""Rivaroxaban""or""rivaroxaban"") AND (Clinical Trial, Phase IV [pt]) AND (human [MeSH Terms])) NOT (Review [pt]) AND (1980:2020 [pdat])",drug
29557090,"((""Xarelto""or""Rivaroxaban""or""rivaroxaban"") AND (Clinical Trial, Phase IV [pt]) AND (human [MeSH Terms])) NOT (Review [pt]) AND (1980:2020 [pdat])",drug
27843040,"((""Xarelto""or""Rivaroxaban""or""rivaroxaban"") AND (Clinical Trial, Phase IV [pt]) AND (human [MeSH Terms])) NOT (Review [pt]) AND (1980:2020 [pdat])",drug
27362695,"((""Xarelto""or""Rivaroxaban""or""rivaroxaban"") AND (Clinical Trial, Phase IV [pt]) AND (human [MeSH Terms])) NOT (Review [pt]) AND (1980:2020 [pdat])",drug
27274266,"((""Xarelto""or""Rivaroxaban""or""rivaroxaban"") AND (Clinical Trial, Phase IV [pt]) AND (human [MeSH Terms])) NOT (Review [pt]) AND (1980:2020 [pdat])",drug
27010343,"((""Xarelto""or""Rivaroxaban""or""rivaroxaban"") AND (Clinical Trial, Phase IV [pt]) AND (human [MeSH Terms])) NOT (Review [pt]) AND (1980:2020 [pdat])",drug
26977521,"((""Xarelto""or""Rivaroxaban""or""rivaroxaban"") AND (Clinical Trial, Phase IV [pt]) AND (human [MeSH Terms])) NOT (Review [pt]) AND (1980:2020 [pdat])",drug
26580706,"((""Xarelto""or""Rivaroxaban""or""rivaroxaban"") AND (Clinical Trial, Phase IV [pt]) AND (human [MeSH Terms])) NOT (Review [pt]) AND (1980:2020 [pdat])",drug
26408640,"((""Xarelto""or""Rivaroxaban""or""rivaroxaban"") AND (Clinical Trial, Phase IV [pt]) AND (human [MeSH Terms])) NOT (Review [pt]) AND (1980:2020 [pdat])",drug
26069045,"((""Xarelto""or""Rivaroxaban""or""rivaroxaban"") AND (Clinical Trial, Phase IV [pt]) AND (human [MeSH Terms])) NOT (Review [pt]) AND (1980:2020 [pdat])",drug
25083135,"((""Xarelto""or""Rivaroxaban""or""rivaroxaban"") AND (Clinical Trial, Phase IV [pt]) AND (human [MeSH Terms])) NOT (Review [pt]) AND (1980:2020 [pdat])",drug
24154549,"((""Xarelto""or""Rivaroxaban""or""rivaroxaban"") AND (Clinical Trial, Phase IV [pt]) AND (human [MeSH Terms])) NOT (Review [pt]) AND (1980:2020 [pdat])",drug
28327804,"((""Kybella""or""Deoxycholic acid""or""deoxycholic acid"") AND (Clinical Trial, Phase IV [pt]) AND (human [MeSH Terms])) NOT (Review [pt]) AND (1980:2020 [pdat])",drug
30608563,"((""Pradaxa""or""Dabigatran""or""dabigatran etexilate"") AND (Clinical Trial, Phase IV [pt]) AND (human [MeSH Terms])) NOT (Review [pt]) AND (1980:2020 [pdat])",drug
29695165,"((""Pradaxa""or""Dabigatran""or""dabigatran etexilate"") AND (Clinical Trial, Phase IV [pt]) AND (human [MeSH Terms])) NOT (Review [pt]) AND (1980:2020 [pdat])",drug
27352238,"((""Pradaxa""or""Dabigatran""or""dabigatran etexilate"") AND (Clinical Trial, Phase IV [pt]) AND (human [MeSH Terms])) NOT (Review [pt]) AND (1980:2020 [pdat])",drug
33268527,"((""Actemra""or""Tocilizumab""or""tocilizumab"") AND (Clinical Trial, Phase IV [pt]) AND (human [MeSH Terms])) NOT (Review [pt]) AND (1980:2020 [pdat])",drug
31043095,"((""Actemra""or""Tocilizumab""or""tocilizumab"") AND (Clinical Trial, Phase IV [pt]) AND (human [MeSH Terms])) NOT (Review [pt]) AND (1980:2020 [pdat])",drug
30421069,"((""Actemra""or""Tocilizumab""or""tocilizumab"") AND (Clinical Trial, Phase IV [pt]) AND (human [MeSH Terms])) NOT (Review [pt]) AND (1980:2020 [pdat])",drug
29244149,"((""Actemra""or""Tocilizumab""or""tocilizumab"") AND (Clinical Trial, Phase IV [pt]) AND (human [MeSH Terms])) NOT (Review [pt]) AND (1980:2020 [pdat])",drug
28376912,"((""Actemra""or""Tocilizumab""or""tocilizumab"") AND (Clinical Trial, Phase IV [pt]) AND (human [MeSH Terms])) NOT (Review [pt]) AND (1980:2020 [pdat])",drug
26613768,"((""Actemra""or""Tocilizumab""or""tocilizumab"") AND (Clinical Trial, Phase IV [pt]) AND (human [MeSH Terms])) NOT (Review [pt]) AND (1980:2020 [pdat])",drug
26026604,"((""Actemra""or""Tocilizumab""or""tocilizumab"") AND (Clinical Trial, Phase IV [pt]) AND (human [MeSH Terms])) NOT (Review [pt]) AND (1980:2020 [pdat])",drug
25167216,"((""Actemra""or""Tocilizumab""or""tocilizumab"") AND (Clinical Trial, Phase IV [pt]) AND (human [MeSH Terms])) NOT (Review [pt]) AND (1980:2020 [pdat])",drug
24448345,"((""Actemra""or""Tocilizumab""or""tocilizumab"") AND (Clinical Trial, Phase IV [pt]) AND (human [MeSH Terms])) NOT (Review [pt]) AND (1980:2020 [pdat])",drug
23515142,"((""Actemra""or""Tocilizumab""or""tocilizumab"") AND (Clinical Trial, Phase IV [pt]) AND (human [MeSH Terms])) NOT (Review [pt]) AND (1980:2020 [pdat])",drug
32986176,"((""Eliquis""or""Apixaban""or""apixaban"") AND (Clinical Trial, Phase IV [pt]) AND (human [MeSH Terms])) NOT (Review [pt]) AND (1980:2020 [pdat])",drug
32314352,"((""Eliquis""or""Apixaban""or""apixaban"") AND (Clinical Trial, Phase IV [pt]) AND (human [MeSH Terms])) NOT (Review [pt]) AND (1980:2020 [pdat])",drug
31557056,"((""Eliquis""or""Apixaban""or""apixaban"") AND (Clinical Trial, Phase IV [pt]) AND (human [MeSH Terms])) NOT (Review [pt]) AND (1980:2020 [pdat])",drug
31243691,"((""Eliquis""or""Apixaban""or""apixaban"") AND (Clinical Trial, Phase IV [pt]) AND (human [MeSH Terms])) NOT (Review [pt]) AND (1980:2020 [pdat])",drug
28837207,"((""Eliquis""or""Apixaban""or""apixaban"") AND (Clinical Trial, Phase IV [pt]) AND (human [MeSH Terms])) NOT (Review [pt]) AND (1980:2020 [pdat])",drug
30821848,"((""Yervoy""or""Ipilimumab""or""ipilimumab"") AND (Clinical Trial, Phase IV [pt]) AND (human [MeSH Terms])) NOT (Review [pt]) AND (1980:2020 [pdat])",drug
30811280,"((""Yervoy""or""Ipilimumab""or""ipilimumab"") AND (Clinical Trial, Phase IV [pt]) AND (human [MeSH Terms])) NOT (Review [pt]) AND (1980:2020 [pdat])",drug
27298410,"((""Yervoy""or""Ipilimumab""or""ipilimumab"") AND (Clinical Trial, Phase IV [pt]) AND (human [MeSH Terms])) NOT (Review [pt]) AND (1980:2020 [pdat])",drug
29024120,"((""Prolia""or""Denosumab""or""denosumab"") AND (Clinical Trial, Phase IV [pt]) AND (human [MeSH Terms])) NOT (Review [pt]) AND (1980:2020 [pdat])",drug
28836341,"((""Kovaltry""or""Recombinant Antihemophilic Factor VIII ""Human""""or""Factor VIII ""recombinant"" and  Bayer-2"") AND (Clinical Trial, Phase IV [pt]) AND (human [MeSH Terms])) NOT (Review [pt]) AND (1980:2020 [pdat])",drug
28727494,"((""Kovaltry""or""Recombinant Antihemophilic Factor VIII ""Human""""or""Factor VIII ""recombinant"" and  Bayer-2"") AND (Clinical Trial, Phase IV [pt]) AND (human [MeSH Terms])) NOT (Review [pt]) AND (1980:2020 [pdat])",drug
28326849,"((""Kovaltry""or""Recombinant Antihemophilic Factor VIII ""Human""""or""Factor VIII ""recombinant"" and  Bayer-2"") AND (Clinical Trial, Phase IV [pt]) AND (human [MeSH Terms])) NOT (Review [pt]) AND (1980:2020 [pdat])",drug
23528101,"((""Kovaltry""or""Recombinant Antihemophilic Factor VIII ""Human""""or""Factor VIII ""recombinant"" and  Bayer-2"") AND (Clinical Trial, Phase IV [pt]) AND (human [MeSH Terms])) NOT (Review [pt]) AND (1980:2020 [pdat])",drug
14704043,"((""Kovaltry""or""Recombinant Antihemophilic Factor VIII ""Human""""or""Factor VIII ""recombinant"" and  Bayer-2"") AND (Clinical Trial, Phase IV [pt]) AND (human [MeSH Terms])) NOT (Review [pt]) AND (1980:2020 [pdat])",drug
27585605,"((""Victoza""or""Liraglutide""or""liraglutide"") AND (Clinical Trial, Phase IV [pt]) AND (human [MeSH Terms])) NOT (Review [pt]) AND (1980:2020 [pdat])",drug
27490915,"((""Victoza""or""Liraglutide""or""liraglutide"") AND (Clinical Trial, Phase IV [pt]) AND (human [MeSH Terms])) NOT (Review [pt]) AND (1980:2020 [pdat])",drug
27208343,"((""Victoza""or""Liraglutide""or""liraglutide"") AND (Clinical Trial, Phase IV [pt]) AND (human [MeSH Terms])) NOT (Review [pt]) AND (1980:2020 [pdat])",drug
32882390,"((""Brilinta""or""Ticagrelor""or""ticagrelor"") AND (Clinical Trial, Phase IV [pt]) AND (human [MeSH Terms])) NOT (Review [pt]) AND (1980:2020 [pdat])",drug
31781298,"((""Brilinta""or""Ticagrelor""or""ticagrelor"") AND (Clinical Trial, Phase IV [pt]) AND (human [MeSH Terms])) NOT (Review [pt]) AND (1980:2020 [pdat])",drug
31475799,"((""Brilinta""or""Ticagrelor""or""ticagrelor"") AND (Clinical Trial, Phase IV [pt]) AND (human [MeSH Terms])) NOT (Review [pt]) AND (1980:2020 [pdat])",drug
30850677,"((""Brilinta""or""Ticagrelor""or""ticagrelor"") AND (Clinical Trial, Phase IV [pt]) AND (human [MeSH Terms])) NOT (Review [pt]) AND (1980:2020 [pdat])",drug
30621974,"((""Brilinta""or""Ticagrelor""or""ticagrelor"") AND (Clinical Trial, Phase IV [pt]) AND (human [MeSH Terms])) NOT (Review [pt]) AND (1980:2020 [pdat])",drug
30453344,"((""Brilinta""or""Ticagrelor""or""ticagrelor"") AND (Clinical Trial, Phase IV [pt]) AND (human [MeSH Terms])) NOT (Review [pt]) AND (1980:2020 [pdat])",drug
29488142,"((""Brilinta""or""Ticagrelor""or""ticagrelor"") AND (Clinical Trial, Phase IV [pt]) AND (human [MeSH Terms])) NOT (Review [pt]) AND (1980:2020 [pdat])",drug
28612911,"((""Brilinta""or""Ticagrelor""or""ticagrelor"") AND (Clinical Trial, Phase IV [pt]) AND (human [MeSH Terms])) NOT (Review [pt]) AND (1980:2020 [pdat])",drug
28446521,"((""Brilinta""or""Ticagrelor""or""ticagrelor"") AND (Clinical Trial, Phase IV [pt]) AND (human [MeSH Terms])) NOT (Review [pt]) AND (1980:2020 [pdat])",drug
28203684,"((""Brilinta""or""Ticagrelor""or""ticagrelor"") AND (Clinical Trial, Phase IV [pt]) AND (human [MeSH Terms])) NOT (Review [pt]) AND (1980:2020 [pdat])",drug
28150519,"((""Brilinta""or""Ticagrelor""or""ticagrelor"") AND (Clinical Trial, Phase IV [pt]) AND (human [MeSH Terms])) NOT (Review [pt]) AND (1980:2020 [pdat])",drug
27258504,"((""Brilinta""or""Ticagrelor""or""ticagrelor"") AND (Clinical Trial, Phase IV [pt]) AND (human [MeSH Terms])) NOT (Review [pt]) AND (1980:2020 [pdat])",drug
26868683,"((""Brilinta""or""Ticagrelor""or""ticagrelor"") AND (Clinical Trial, Phase IV [pt]) AND (human [MeSH Terms])) NOT (Review [pt]) AND (1980:2020 [pdat])",drug
26491112,"((""Brilinta""or""Ticagrelor""or""ticagrelor"") AND (Clinical Trial, Phase IV [pt]) AND (human [MeSH Terms])) NOT (Review [pt]) AND (1980:2020 [pdat])",drug
26325437,"((""Brilinta""or""Ticagrelor""or""ticagrelor"") AND (Clinical Trial, Phase IV [pt]) AND (human [MeSH Terms])) NOT (Review [pt]) AND (1980:2020 [pdat])",drug
25925591,"((""Brilinta""or""Ticagrelor""or""ticagrelor"") AND (Clinical Trial, Phase IV [pt]) AND (human [MeSH Terms])) NOT (Review [pt]) AND (1980:2020 [pdat])",drug
25175921,"((""Brilinta""or""Ticagrelor""or""ticagrelor"") AND (Clinical Trial, Phase IV [pt]) AND (human [MeSH Terms])) NOT (Review [pt]) AND (1980:2020 [pdat])",drug
24371012,"((""Brilinta""or""Ticagrelor""or""ticagrelor"") AND (Clinical Trial, Phase IV [pt]) AND (human [MeSH Terms])) NOT (Review [pt]) AND (1980:2020 [pdat])",drug
24333493,"((""Brilinta""or""Ticagrelor""or""ticagrelor"") AND (Clinical Trial, Phase IV [pt]) AND (human [MeSH Terms])) NOT (Review [pt]) AND (1980:2020 [pdat])",drug
30036854,"((""Gilenya""or""Fingolimod""or""fingolimod hydrochloride"") AND (Clinical Trial, Phase IV [pt]) AND (human [MeSH Terms])) NOT (Review [pt]) AND (1980:2020 [pdat])",drug
29938336,"((""Gilenya""or""Fingolimod""or""fingolimod hydrochloride"") AND (Clinical Trial, Phase IV [pt]) AND (human [MeSH Terms])) NOT (Review [pt]) AND (1980:2020 [pdat])",drug
26265274,"((""Gilenya""or""Fingolimod""or""fingolimod hydrochloride"") AND (Clinical Trial, Phase IV [pt]) AND (human [MeSH Terms])) NOT (Review [pt]) AND (1980:2020 [pdat])",drug
26265273,"((""Gilenya""or""Fingolimod""or""fingolimod hydrochloride"") AND (Clinical Trial, Phase IV [pt]) AND (human [MeSH Terms])) NOT (Review [pt]) AND (1980:2020 [pdat])",drug
23647445,"((""Gilenya""or""Fingolimod""or""fingolimod hydrochloride"") AND (Clinical Trial, Phase IV [pt]) AND (human [MeSH Terms])) NOT (Review [pt]) AND (1980:2020 [pdat])",drug
30352330,"((""Sovaldi""or""Sofosbuvir""or""sofosbuvir"") AND (Clinical Trial, Phase IV [pt]) AND (human [MeSH Terms])) NOT (Review [pt]) AND (1980:2020 [pdat])",drug
30207250,"((""Sovaldi""or""Sofosbuvir""or""sofosbuvir"") AND (Clinical Trial, Phase IV [pt]) AND (human [MeSH Terms])) NOT (Review [pt]) AND (1980:2020 [pdat])",drug
29946175,"((""Sovaldi""or""Sofosbuvir""or""sofosbuvir"") AND (Clinical Trial, Phase IV [pt]) AND (human [MeSH Terms])) NOT (Review [pt]) AND (1980:2020 [pdat])",drug
29310928,"((""Sovaldi""or""Sofosbuvir""or""sofosbuvir"") AND (Clinical Trial, Phase IV [pt]) AND (human [MeSH Terms])) NOT (Review [pt]) AND (1980:2020 [pdat])",drug
29087397,"((""Sovaldi""or""Sofosbuvir""or""sofosbuvir"") AND (Clinical Trial, Phase IV [pt]) AND (human [MeSH Terms])) NOT (Review [pt]) AND (1980:2020 [pdat])",drug
28785771,"((""Sovaldi""or""Sofosbuvir""or""sofosbuvir"") AND (Clinical Trial, Phase IV [pt]) AND (human [MeSH Terms])) NOT (Review [pt]) AND (1980:2020 [pdat])",drug
27237429,"((""Sovaldi""or""Sofosbuvir""or""sofosbuvir"") AND (Clinical Trial, Phase IV [pt]) AND (human [MeSH Terms])) NOT (Review [pt]) AND (1980:2020 [pdat])",drug
26057627,"((""Sovaldi""or""Sofosbuvir""or""sofosbuvir"") AND (Clinical Trial, Phase IV [pt]) AND (human [MeSH Terms])) NOT (Review [pt]) AND (1980:2020 [pdat])",drug
26411584,"((""Imbruvica""or""Ibrutinib""or""ibrutinib"") AND (Clinical Trial, Phase IV [pt]) AND (human [MeSH Terms])) NOT (Review [pt]) AND (1980:2020 [pdat])",drug
32016788,"((""Eylea""or""Aflibercept""or""aflibercept ophthalmic solution"") AND (Clinical Trial, Phase IV [pt]) AND (human [MeSH Terms])) NOT (Review [pt]) AND (1980:2020 [pdat])",drug
31914437,"((""Eylea""or""Aflibercept""or""aflibercept ophthalmic solution"") AND (Clinical Trial, Phase IV [pt]) AND (human [MeSH Terms])) NOT (Review [pt]) AND (1980:2020 [pdat])",drug
31741044,"((""Eylea""or""Aflibercept""or""aflibercept ophthalmic solution"") AND (Clinical Trial, Phase IV [pt]) AND (human [MeSH Terms])) NOT (Review [pt]) AND (1980:2020 [pdat])",drug
31619357,"((""Eylea""or""Aflibercept""or""aflibercept ophthalmic solution"") AND (Clinical Trial, Phase IV [pt]) AND (human [MeSH Terms])) NOT (Review [pt]) AND (1980:2020 [pdat])",drug
31383649,"((""Eylea""or""Aflibercept""or""aflibercept ophthalmic solution"") AND (Clinical Trial, Phase IV [pt]) AND (human [MeSH Terms])) NOT (Review [pt]) AND (1980:2020 [pdat])",drug
31088111,"((""Eylea""or""Aflibercept""or""aflibercept ophthalmic solution"") AND (Clinical Trial, Phase IV [pt]) AND (human [MeSH Terms])) NOT (Review [pt]) AND (1980:2020 [pdat])",drug
31080168,"((""Eylea""or""Aflibercept""or""aflibercept ophthalmic solution"") AND (Clinical Trial, Phase IV [pt]) AND (human [MeSH Terms])) NOT (Review [pt]) AND (1980:2020 [pdat])",drug
30849345,"((""Eylea""or""Aflibercept""or""aflibercept ophthalmic solution"") AND (Clinical Trial, Phase IV [pt]) AND (human [MeSH Terms])) NOT (Review [pt]) AND (1980:2020 [pdat])",drug
30676617,"((""Eylea""or""Aflibercept""or""aflibercept ophthalmic solution"") AND (Clinical Trial, Phase IV [pt]) AND (human [MeSH Terms])) NOT (Review [pt]) AND (1980:2020 [pdat])",drug
29801063,"((""Eylea""or""Aflibercept""or""aflibercept ophthalmic solution"") AND (Clinical Trial, Phase IV [pt]) AND (human [MeSH Terms])) NOT (Review [pt]) AND (1980:2020 [pdat])",drug
29384810,"((""Eylea""or""Aflibercept""or""aflibercept ophthalmic solution"") AND (Clinical Trial, Phase IV [pt]) AND (human [MeSH Terms])) NOT (Review [pt]) AND (1980:2020 [pdat])",drug
31047339,"((""Eylea""or""Aflibercept""or""aflibercept ophthalmic solution"") AND (Clinical Trial, Phase IV [pt]) AND (human [MeSH Terms])) NOT (Review [pt]) AND (1980:2020 [pdat])",drug
28814412,"((""Eylea""or""Aflibercept""or""aflibercept ophthalmic solution"") AND (Clinical Trial, Phase IV [pt]) AND (human [MeSH Terms])) NOT (Review [pt]) AND (1980:2020 [pdat])",drug
27702624,"((""Eylea""or""Aflibercept""or""aflibercept ophthalmic solution"") AND (Clinical Trial, Phase IV [pt]) AND (human [MeSH Terms])) NOT (Review [pt]) AND (1980:2020 [pdat])",drug
27628062,"((""Eylea""or""Aflibercept""or""aflibercept ophthalmic solution"") AND (Clinical Trial, Phase IV [pt]) AND (human [MeSH Terms])) NOT (Review [pt]) AND (1980:2020 [pdat])",drug
26938579,"((""Eylea""or""Aflibercept""or""aflibercept ophthalmic solution"") AND (Clinical Trial, Phase IV [pt]) AND (human [MeSH Terms])) NOT (Review [pt]) AND (1980:2020 [pdat])",drug
32016788,"((""Zaltrap""or""Ziv-aflibercept""or""aflibercept"") AND (Clinical Trial, Phase IV [pt]) AND (human [MeSH Terms])) NOT (Review [pt]) AND (1980:2020 [pdat])",drug
31914437,"((""Zaltrap""or""Ziv-aflibercept""or""aflibercept"") AND (Clinical Trial, Phase IV [pt]) AND (human [MeSH Terms])) NOT (Review [pt]) AND (1980:2020 [pdat])",drug
31741044,"((""Zaltrap""or""Ziv-aflibercept""or""aflibercept"") AND (Clinical Trial, Phase IV [pt]) AND (human [MeSH Terms])) NOT (Review [pt]) AND (1980:2020 [pdat])",drug
31619357,"((""Zaltrap""or""Ziv-aflibercept""or""aflibercept"") AND (Clinical Trial, Phase IV [pt]) AND (human [MeSH Terms])) NOT (Review [pt]) AND (1980:2020 [pdat])",drug
31383649,"((""Zaltrap""or""Ziv-aflibercept""or""aflibercept"") AND (Clinical Trial, Phase IV [pt]) AND (human [MeSH Terms])) NOT (Review [pt]) AND (1980:2020 [pdat])",drug
31088111,"((""Zaltrap""or""Ziv-aflibercept""or""aflibercept"") AND (Clinical Trial, Phase IV [pt]) AND (human [MeSH Terms])) NOT (Review [pt]) AND (1980:2020 [pdat])",drug
31080168,"((""Zaltrap""or""Ziv-aflibercept""or""aflibercept"") AND (Clinical Trial, Phase IV [pt]) AND (human [MeSH Terms])) NOT (Review [pt]) AND (1980:2020 [pdat])",drug
30849345,"((""Zaltrap""or""Ziv-aflibercept""or""aflibercept"") AND (Clinical Trial, Phase IV [pt]) AND (human [MeSH Terms])) NOT (Review [pt]) AND (1980:2020 [pdat])",drug
30676617,"((""Zaltrap""or""Ziv-aflibercept""or""aflibercept"") AND (Clinical Trial, Phase IV [pt]) AND (human [MeSH Terms])) NOT (Review [pt]) AND (1980:2020 [pdat])",drug
29801063,"((""Zaltrap""or""Ziv-aflibercept""or""aflibercept"") AND (Clinical Trial, Phase IV [pt]) AND (human [MeSH Terms])) NOT (Review [pt]) AND (1980:2020 [pdat])",drug
29384810,"((""Zaltrap""or""Ziv-aflibercept""or""aflibercept"") AND (Clinical Trial, Phase IV [pt]) AND (human [MeSH Terms])) NOT (Review [pt]) AND (1980:2020 [pdat])",drug
31047339,"((""Zaltrap""or""Ziv-aflibercept""or""aflibercept"") AND (Clinical Trial, Phase IV [pt]) AND (human [MeSH Terms])) NOT (Review [pt]) AND (1980:2020 [pdat])",drug
28814412,"((""Zaltrap""or""Ziv-aflibercept""or""aflibercept"") AND (Clinical Trial, Phase IV [pt]) AND (human [MeSH Terms])) NOT (Review [pt]) AND (1980:2020 [pdat])",drug
27702624,"((""Zaltrap""or""Ziv-aflibercept""or""aflibercept"") AND (Clinical Trial, Phase IV [pt]) AND (human [MeSH Terms])) NOT (Review [pt]) AND (1980:2020 [pdat])",drug
27628062,"((""Zaltrap""or""Ziv-aflibercept""or""aflibercept"") AND (Clinical Trial, Phase IV [pt]) AND (human [MeSH Terms])) NOT (Review [pt]) AND (1980:2020 [pdat])",drug
26938579,"((""Zaltrap""or""Ziv-aflibercept""or""aflibercept"") AND (Clinical Trial, Phase IV [pt]) AND (human [MeSH Terms])) NOT (Review [pt]) AND (1980:2020 [pdat])",drug
32926841,"((""Zytiga""or""Abiraterone""or""abiraterone acetate"") AND (Clinical Trial, Phase IV [pt]) AND (human [MeSH Terms])) NOT (Review [pt]) AND (1980:2020 [pdat])",drug
31594705,"((""Zytiga""or""Abiraterone""or""abiraterone acetate"") AND (Clinical Trial, Phase IV [pt]) AND (human [MeSH Terms])) NOT (Review [pt]) AND (1980:2020 [pdat])",drug
31473120,"((""Zytiga""or""Abiraterone""or""abiraterone acetate"") AND (Clinical Trial, Phase IV [pt]) AND (human [MeSH Terms])) NOT (Review [pt]) AND (1980:2020 [pdat])",drug
29191639,"((""Zytiga""or""Abiraterone""or""abiraterone acetate"") AND (Clinical Trial, Phase IV [pt]) AND (human [MeSH Terms])) NOT (Review [pt]) AND (1980:2020 [pdat])",drug
28844372,"((""Zytiga""or""Abiraterone""or""abiraterone acetate"") AND (Clinical Trial, Phase IV [pt]) AND (human [MeSH Terms])) NOT (Review [pt]) AND (1980:2020 [pdat])",drug
32926841,"((""Xtandi""or""Enzalutamide""or""enzalutamide"") AND (Clinical Trial, Phase IV [pt]) AND (human [MeSH Terms])) NOT (Review [pt]) AND (1980:2020 [pdat])",drug
31594705,"((""Xtandi""or""Enzalutamide""or""enzalutamide"") AND (Clinical Trial, Phase IV [pt]) AND (human [MeSH Terms])) NOT (Review [pt]) AND (1980:2020 [pdat])",drug
31473120,"((""Xtandi""or""Enzalutamide""or""enzalutamide"") AND (Clinical Trial, Phase IV [pt]) AND (human [MeSH Terms])) NOT (Review [pt]) AND (1980:2020 [pdat])",drug
29191639,"((""Xtandi""or""Enzalutamide""or""enzalutamide"") AND (Clinical Trial, Phase IV [pt]) AND (human [MeSH Terms])) NOT (Review [pt]) AND (1980:2020 [pdat])",drug
28844372,"((""Xtandi""or""Enzalutamide""or""enzalutamide"") AND (Clinical Trial, Phase IV [pt]) AND (human [MeSH Terms])) NOT (Review [pt]) AND (1980:2020 [pdat])",drug
31858116,"((""Ella""or""Ulipristal""or""ulipristal acetate"") AND (Clinical Trial, Phase IV [pt]) AND (human [MeSH Terms])) NOT (Review [pt]) AND (1980:2020 [pdat])",drug
31502668,"((""Ella""or""Ulipristal""or""ulipristal acetate"") AND (Clinical Trial, Phase IV [pt]) AND (human [MeSH Terms])) NOT (Review [pt]) AND (1980:2020 [pdat])",drug
31178377,"((""Ella""or""Ulipristal""or""ulipristal acetate"") AND (Clinical Trial, Phase IV [pt]) AND (human [MeSH Terms])) NOT (Review [pt]) AND (1980:2020 [pdat])",drug
29543547,"((""Ella""or""Ulipristal""or""ulipristal acetate"") AND (Clinical Trial, Phase IV [pt]) AND (human [MeSH Terms])) NOT (Review [pt]) AND (1980:2020 [pdat])",drug
31673419,"((""Xeljanz""or""Tofacitinib""or""tofacitinib"") AND (Clinical Trial, Phase IV [pt]) AND (human [MeSH Terms])) NOT (Review [pt]) AND (1980:2020 [pdat])",drug
31207152,"((""Xeljanz""or""Tofacitinib""or""tofacitinib"") AND (Clinical Trial, Phase IV [pt]) AND (human [MeSH Terms])) NOT (Review [pt]) AND (1980:2020 [pdat])",drug
28629665,"((""Xeljanz""or""Tofacitinib""or""tofacitinib"") AND (Clinical Trial, Phase IV [pt]) AND (human [MeSH Terms])) NOT (Review [pt]) AND (1980:2020 [pdat])",drug
32555574,"((""Savaysa""or""Edoxaban""or""edoxaban"") AND (Clinical Trial, Phase IV [pt]) AND (human [MeSH Terms])) NOT (Review [pt]) AND (1980:2020 [pdat])",drug
32051638,"((""Savaysa""or""Edoxaban""or""edoxaban"") AND (Clinical Trial, Phase IV [pt]) AND (human [MeSH Terms])) NOT (Review [pt]) AND (1980:2020 [pdat])",drug
31540903,"((""Jardiance""or""Empagliflozin""or""empagliflozin"") AND (Clinical Trial, Phase IV [pt]) AND (human [MeSH Terms])) NOT (Review [pt]) AND (1980:2020 [pdat])",drug
33205810,"((""Farxiga""or""Dapagliflozin""or""dapagliflozin"") AND (Clinical Trial, Phase IV [pt]) AND (human [MeSH Terms])) NOT (Review [pt]) AND (1980:2020 [pdat])",drug
31791665,"((""Farxiga""or""Dapagliflozin""or""dapagliflozin"") AND (Clinical Trial, Phase IV [pt]) AND (human [MeSH Terms])) NOT (Review [pt]) AND (1980:2020 [pdat])",drug
31502749,"((""Farxiga""or""Dapagliflozin""or""dapagliflozin"") AND (Clinical Trial, Phase IV [pt]) AND (human [MeSH Terms])) NOT (Review [pt]) AND (1980:2020 [pdat])",drug
31162549,"((""Farxiga""or""Dapagliflozin""or""dapagliflozin"") AND (Clinical Trial, Phase IV [pt]) AND (human [MeSH Terms])) NOT (Review [pt]) AND (1980:2020 [pdat])",drug
30618324,"((""Farxiga""or""Dapagliflozin""or""dapagliflozin"") AND (Clinical Trial, Phase IV [pt]) AND (human [MeSH Terms])) NOT (Review [pt]) AND (1980:2020 [pdat])",drug
29947099,"((""Farxiga""or""Dapagliflozin""or""dapagliflozin"") AND (Clinical Trial, Phase IV [pt]) AND (human [MeSH Terms])) NOT (Review [pt]) AND (1980:2020 [pdat])",drug
28376855,"((""Farxiga""or""Dapagliflozin""or""dapagliflozin"") AND (Clinical Trial, Phase IV [pt]) AND (human [MeSH Terms])) NOT (Review [pt]) AND (1980:2020 [pdat])",drug
27490915,"((""Farxiga""or""Dapagliflozin""or""dapagliflozin"") AND (Clinical Trial, Phase IV [pt]) AND (human [MeSH Terms])) NOT (Review [pt]) AND (1980:2020 [pdat])",drug
27422625,"((""Farxiga""or""Dapagliflozin""or""dapagliflozin"") AND (Clinical Trial, Phase IV [pt]) AND (human [MeSH Terms])) NOT (Review [pt]) AND (1980:2020 [pdat])",drug
32687498,"((""Impavido""or""Miltefosine""or""miltefosin"") AND (Clinical Trial, Phase IV [pt]) AND (human [MeSH Terms])) NOT (Review [pt]) AND (1980:2020 [pdat])",drug
30346949,"((""Impavido""or""Miltefosine""or""miltefosin"") AND (Clinical Trial, Phase IV [pt]) AND (human [MeSH Terms])) NOT (Review [pt]) AND (1980:2020 [pdat])",drug
21734127,"((""Impavido""or""Miltefosine""or""miltefosin"") AND (Clinical Trial, Phase IV [pt]) AND (human [MeSH Terms])) NOT (Review [pt]) AND (1980:2020 [pdat])",drug
17624846,"((""Impavido""or""Miltefosine""or""miltefosin"") AND (Clinical Trial, Phase IV [pt]) AND (human [MeSH Terms])) NOT (Review [pt]) AND (1980:2020 [pdat])",drug
31143073,"((""Incivek""or""Telaprevir""or""telaprevir"") AND (Clinical Trial, Phase IV [pt]) AND (human [MeSH Terms])) NOT (Review [pt]) AND (1980:2020 [pdat])",drug
27014750,"((""Incivek""or""Telaprevir""or""telaprevir"") AND (Clinical Trial, Phase IV [pt]) AND (human [MeSH Terms])) NOT (Review [pt]) AND (1980:2020 [pdat])",drug
23813604,"((""Incivek""or""Telaprevir""or""telaprevir"") AND (Clinical Trial, Phase IV [pt]) AND (human [MeSH Terms])) NOT (Review [pt]) AND (1980:2020 [pdat])",drug
29121732,"((""Corlanor""or""Ivabradine""or""ivabradine"") AND (Clinical Trial, Phase IV [pt]) AND (human [MeSH Terms])) NOT (Review [pt]) AND (1980:2020 [pdat])",drug
30442716,"((""Esbriet""or""Pirfenidone""or""pirfenidone"") AND (Clinical Trial, Phase IV [pt]) AND (human [MeSH Terms])) NOT (Review [pt]) AND (1980:2020 [pdat])",drug
29946005,"((""Esbriet""or""Pirfenidone""or""pirfenidone"") AND (Clinical Trial, Phase IV [pt]) AND (human [MeSH Terms])) NOT (Review [pt]) AND (1980:2020 [pdat])",drug
33002515,"((""Cosentyx""or""Secukinumab""or""secukinumab"") AND (Clinical Trial, Phase IV [pt]) AND (human [MeSH Terms])) NOT (Review [pt]) AND (1980:2020 [pdat])",drug
32173900,"((""Cosentyx""or""Secukinumab""or""secukinumab"") AND (Clinical Trial, Phase IV [pt]) AND (human [MeSH Terms])) NOT (Review [pt]) AND (1980:2020 [pdat])",drug
29633373,"((""Cosentyx""or""Secukinumab""or""secukinumab"") AND (Clinical Trial, Phase IV [pt]) AND (human [MeSH Terms])) NOT (Review [pt]) AND (1980:2020 [pdat])",drug
28543617,"((""Cosentyx""or""Secukinumab""or""secukinumab"") AND (Clinical Trial, Phase IV [pt]) AND (human [MeSH Terms])) NOT (Review [pt]) AND (1980:2020 [pdat])",drug
31611264,"((""Tecfidera""or""Dimethyl fumarate""or""dimethyl fumarate"") AND (Clinical Trial, Phase IV [pt]) AND (human [MeSH Terms])) NOT (Review [pt]) AND (1980:2020 [pdat])",drug
30754997,"((""Tecfidera""or""Dimethyl fumarate""or""dimethyl fumarate"") AND (Clinical Trial, Phase IV [pt]) AND (human [MeSH Terms])) NOT (Review [pt]) AND (1980:2020 [pdat])",drug
29524759,"((""Tecfidera""or""Dimethyl fumarate""or""dimethyl fumarate"") AND (Clinical Trial, Phase IV [pt]) AND (human [MeSH Terms])) NOT (Review [pt]) AND (1980:2020 [pdat])",drug
29473709,"((""Invokana""or""Canagliflozin""or""canagliflozin"") AND (Clinical Trial, Phase IV [pt]) AND (human [MeSH Terms])) NOT (Review [pt]) AND (1980:2020 [pdat])",drug
29110384,"((""Invokana""or""Canagliflozin""or""canagliflozin"") AND (Clinical Trial, Phase IV [pt]) AND (human [MeSH Terms])) NOT (Review [pt]) AND (1980:2020 [pdat])",drug
32386720,"((""Tivicay""or""Dolutegravir""or""dolutegravir"") AND (Clinical Trial, Phase IV [pt]) AND (human [MeSH Terms])) NOT (Review [pt]) AND (1980:2020 [pdat])",drug
30590412,"((""Tivicay""or""Dolutegravir""or""dolutegravir"") AND (Clinical Trial, Phase IV [pt]) AND (human [MeSH Terms])) NOT (Review [pt]) AND (1980:2020 [pdat])",drug
29714167,"((""Tivicay""or""Dolutegravir""or""dolutegravir"") AND (Clinical Trial, Phase IV [pt]) AND (human [MeSH Terms])) NOT (Review [pt]) AND (1980:2020 [pdat])",drug
29369162,"((""Tivicay""or""Dolutegravir""or""dolutegravir"") AND (Clinical Trial, Phase IV [pt]) AND (human [MeSH Terms])) NOT (Review [pt]) AND (1980:2020 [pdat])",drug
31356374,"((""Bridion""or""Sugammadex""or""sugammadex sodium"") AND (Clinical Trial, Phase IV [pt]) AND (human [MeSH Terms])) NOT (Review [pt]) AND (1980:2020 [pdat])",drug
25971394,"((""Bridion""or""Sugammadex""or""sugammadex sodium"") AND (Clinical Trial, Phase IV [pt]) AND (human [MeSH Terms])) NOT (Review [pt]) AND (1980:2020 [pdat])",drug
32920732,"((""Perjeta""or""Pertuzumab""or""pertuzumab"") AND (Clinical Trial, Phase IV [pt]) AND (human [MeSH Terms])) NOT (Review [pt]) AND (1980:2020 [pdat])",drug
28447218,"((""Perjeta""or""Pertuzumab""or""pertuzumab"") AND (Clinical Trial, Phase IV [pt]) AND (human [MeSH Terms])) NOT (Review [pt]) AND (1980:2020 [pdat])",drug
33210333,"((""Entyvio""or""Vedolizumab""or""vedolizumab"") AND (Clinical Trial, Phase IV [pt]) AND (human [MeSH Terms])) NOT (Review [pt]) AND (1980:2020 [pdat])",drug
32100016,"((""Entyvio""or""Vedolizumab""or""vedolizumab"") AND (Clinical Trial, Phase IV [pt]) AND (human [MeSH Terms])) NOT (Review [pt]) AND (1980:2020 [pdat])",drug
32060515,"((""Entyvio""or""Vedolizumab""or""vedolizumab"") AND (Clinical Trial, Phase IV [pt]) AND (human [MeSH Terms])) NOT (Review [pt]) AND (1980:2020 [pdat])",drug
31504526,"((""Entyvio""or""Vedolizumab""or""vedolizumab"") AND (Clinical Trial, Phase IV [pt]) AND (human [MeSH Terms])) NOT (Review [pt]) AND (1980:2020 [pdat])",drug
31205131,"((""Entyvio""or""Vedolizumab""or""vedolizumab"") AND (Clinical Trial, Phase IV [pt]) AND (human [MeSH Terms])) NOT (Review [pt]) AND (1980:2020 [pdat])",drug
29946175,"((""Harvoni""or""Ledipasvir and sofosbuvir""or""sofosbuvir and ledipasvir"") AND (Clinical Trial, Phase IV [pt]) AND (human [MeSH Terms])) NOT (Review [pt]) AND (1980:2020 [pdat])",drug
29087397,"((""Harvoni""or""Ledipasvir and sofosbuvir""or""sofosbuvir and ledipasvir"") AND (Clinical Trial, Phase IV [pt]) AND (human [MeSH Terms])) NOT (Review [pt]) AND (1980:2020 [pdat])",drug
28785771,"((""Harvoni""or""Ledipasvir and sofosbuvir""or""sofosbuvir and ledipasvir"") AND (Clinical Trial, Phase IV [pt]) AND (human [MeSH Terms])) NOT (Review [pt]) AND (1980:2020 [pdat])",drug
30442716,"((""Ofev""or""Nintedanib""or""nintedanib"") AND (Clinical Trial, Phase IV [pt]) AND (human [MeSH Terms])) NOT (Review [pt]) AND (1980:2020 [pdat])",drug
29946005,"((""Ofev""or""Nintedanib""or""nintedanib"") AND (Clinical Trial, Phase IV [pt]) AND (human [MeSH Terms])) NOT (Review [pt]) AND (1980:2020 [pdat])",drug
30168134,"((""Adcetris""or""Brentuximab vedotin""or""brentuximab vedotin"") AND (Clinical Trial, Phase IV [pt]) AND (human [MeSH Terms])) NOT (Review [pt]) AND (1980:2020 [pdat])",drug
32926841,"((""Jevtana""or""Cabazitaxel""or""cabazitaxel"") AND (Clinical Trial, Phase IV [pt]) AND (human [MeSH Terms])) NOT (Review [pt]) AND (1980:2020 [pdat])",drug
29191639,"((""Jevtana""or""Cabazitaxel""or""cabazitaxel"") AND (Clinical Trial, Phase IV [pt]) AND (human [MeSH Terms])) NOT (Review [pt]) AND (1980:2020 [pdat])",drug
31143073,"((""Victrelis""or""Boceprevir""or""boceprevir"") AND (Clinical Trial, Phase IV [pt]) AND (human [MeSH Terms])) NOT (Review [pt]) AND (1980:2020 [pdat])",drug
27815225,"((""Victrelis""or""Boceprevir""or""boceprevir"") AND (Clinical Trial, Phase IV [pt]) AND (human [MeSH Terms])) NOT (Review [pt]) AND (1980:2020 [pdat])",drug
27014750,"((""Victrelis""or""Boceprevir""or""boceprevir"") AND (Clinical Trial, Phase IV [pt]) AND (human [MeSH Terms])) NOT (Review [pt]) AND (1980:2020 [pdat])",drug
23813604,"((""Victrelis""or""Boceprevir""or""boceprevir"") AND (Clinical Trial, Phase IV [pt]) AND (human [MeSH Terms])) NOT (Review [pt]) AND (1980:2020 [pdat])",drug
28926423,"((""Yondelis""or""Trabectedin""or""trabectedin"") AND (Clinical Trial, Phase IV [pt]) AND (human [MeSH Terms])) NOT (Review [pt]) AND (1980:2020 [pdat])",drug
32314352,"((""Pomalyst""or""Pomalidomide""or""pomalidomide"") AND (Clinical Trial, Phase IV [pt]) AND (human [MeSH Terms])) NOT (Review [pt]) AND (1980:2020 [pdat])",drug
28784670,"((""Avycaz""or""Avibactam and ceftazidime""or""avibactam and ceftazidime"") AND (Clinical Trial, Phase IV [pt]) AND (human [MeSH Terms])) NOT (Review [pt]) AND (1980:2020 [pdat])",drug
31143073,"((""Olysio""or""Simeprevir""or""simeprevir"") AND (Clinical Trial, Phase IV [pt]) AND (human [MeSH Terms])) NOT (Review [pt]) AND (1980:2020 [pdat])",drug
32272514,"((""Otezla""or""Apremilast""or""apremilast"") AND (Clinical Trial, Phase IV [pt]) AND (human [MeSH Terms])) NOT (Review [pt]) AND (1980:2020 [pdat])",drug
31787506,"((""Otezla""or""Apremilast""or""apremilast"") AND (Clinical Trial, Phase IV [pt]) AND (human [MeSH Terms])) NOT (Review [pt]) AND (1980:2020 [pdat])",drug
30365588,"((""Otezla""or""Apremilast""or""apremilast"") AND (Clinical Trial, Phase IV [pt]) AND (human [MeSH Terms])) NOT (Review [pt]) AND (1980:2020 [pdat])",drug
29462231,"((""Otezla""or""Apremilast""or""apremilast"") AND (Clinical Trial, Phase IV [pt]) AND (human [MeSH Terms])) NOT (Review [pt]) AND (1980:2020 [pdat])",drug
28809995,"((""Otezla""or""Apremilast""or""apremilast"") AND (Clinical Trial, Phase IV [pt]) AND (human [MeSH Terms])) NOT (Review [pt]) AND (1980:2020 [pdat])",drug
31567160,"((""Edurant""or""Rilpivirine""or""rilpivirine"") AND (Clinical Trial, Phase IV [pt]) AND (human [MeSH Terms])) NOT (Review [pt]) AND (1980:2020 [pdat])",drug
28595298,"((""Edurant""or""Rilpivirine""or""rilpivirine"") AND (Clinical Trial, Phase IV [pt]) AND (human [MeSH Terms])) NOT (Review [pt]) AND (1980:2020 [pdat])",drug
24413315,"((""Edurant""or""Rilpivirine""or""rilpivirine"") AND (Clinical Trial, Phase IV [pt]) AND (human [MeSH Terms])) NOT (Review [pt]) AND (1980:2020 [pdat])",drug
27488876,"((""Halaven""or""Eribulin""or""eribulin mesylate"") AND (Clinical Trial, Phase IV [pt]) AND (human [MeSH Terms])) NOT (Review [pt]) AND (1980:2020 [pdat])",drug
31163431,"((""Iclusig""or""Ponatinib""or""ponatinib"") AND (Clinical Trial, Phase IV [pt]) AND (human [MeSH Terms])) NOT (Review [pt]) AND (1980:2020 [pdat])",drug
28467293,"((""Benlysta""or""Belimumab""or""belimumab"") AND (Clinical Trial, Phase IV [pt]) AND (human [MeSH Terms])) NOT (Review [pt]) AND (1980:2020 [pdat])",drug
31005729,"((""Aubagio""or""Teriflunomide""or""teriflunomide"") AND (Clinical Trial, Phase IV [pt]) AND (human [MeSH Terms])) NOT (Review [pt]) AND (1980:2020 [pdat])",drug
30754997,"((""Aubagio""or""Teriflunomide""or""teriflunomide"") AND (Clinical Trial, Phase IV [pt]) AND (human [MeSH Terms])) NOT (Review [pt]) AND (1980:2020 [pdat])",drug
30273841,"((""Aubagio""or""Teriflunomide""or""teriflunomide"") AND (Clinical Trial, Phase IV [pt]) AND (human [MeSH Terms])) NOT (Review [pt]) AND (1980:2020 [pdat])",drug
31434809,"((""Praluent""or""Alirocumab""or""alirocumab"") AND (Clinical Trial, Phase IV [pt]) AND (human [MeSH Terms])) NOT (Review [pt]) AND (1980:2020 [pdat])",drug
31356537,"((""Praluent""or""Alirocumab""or""alirocumab"") AND (Clinical Trial, Phase IV [pt]) AND (human [MeSH Terms])) NOT (Review [pt]) AND (1980:2020 [pdat])",drug
29436756,"((""Praluent""or""Alirocumab""or""alirocumab"") AND (Clinical Trial, Phase IV [pt]) AND (human [MeSH Terms])) NOT (Review [pt]) AND (1980:2020 [pdat])",drug
28545518,"((""Praluent""or""Alirocumab""or""alirocumab"") AND (Clinical Trial, Phase IV [pt]) AND (human [MeSH Terms])) NOT (Review [pt]) AND (1980:2020 [pdat])",drug
32660977,"((""Taltz""or""Ixekizumab""or""ixekizumab"") AND (Clinical Trial, Phase IV [pt]) AND (human [MeSH Terms])) NOT (Review [pt]) AND (1980:2020 [pdat])",drug
29765213,"((""Daliresp""or""Roflumilast""or""roflumilast"") AND (Clinical Trial, Phase IV [pt]) AND (human [MeSH Terms])) NOT (Review [pt]) AND (1980:2020 [pdat])",drug
29763572,"((""Daliresp""or""Roflumilast""or""roflumilast"") AND (Clinical Trial, Phase IV [pt]) AND (human [MeSH Terms])) NOT (Review [pt]) AND (1980:2020 [pdat])",drug
27585384,"((""Daliresp""or""Roflumilast""or""roflumilast"") AND (Clinical Trial, Phase IV [pt]) AND (human [MeSH Terms])) NOT (Review [pt]) AND (1980:2020 [pdat])",drug
27574416,"((""Daliresp""or""Roflumilast""or""roflumilast"") AND (Clinical Trial, Phase IV [pt]) AND (human [MeSH Terms])) NOT (Review [pt]) AND (1980:2020 [pdat])",drug
25684586,"((""Daliresp""or""Roflumilast""or""roflumilast"") AND (Clinical Trial, Phase IV [pt]) AND (human [MeSH Terms])) NOT (Review [pt]) AND (1980:2020 [pdat])",drug
32725584,"((""Myrbetriq""or""Mirabegron""or""mirabegron"") AND (Clinical Trial, Phase IV [pt]) AND (human [MeSH Terms])) NOT (Review [pt]) AND (1980:2020 [pdat])",drug
32183741,"((""Myrbetriq""or""Mirabegron""or""mirabegron"") AND (Clinical Trial, Phase IV [pt]) AND (human [MeSH Terms])) NOT (Review [pt]) AND (1980:2020 [pdat])",drug
31895002,"((""Myrbetriq""or""Mirabegron""or""mirabegron"") AND (Clinical Trial, Phase IV [pt]) AND (human [MeSH Terms])) NOT (Review [pt]) AND (1980:2020 [pdat])",drug
31733990,"((""Myrbetriq""or""Mirabegron""or""mirabegron"") AND (Clinical Trial, Phase IV [pt]) AND (human [MeSH Terms])) NOT (Review [pt]) AND (1980:2020 [pdat])",drug
31635815,"((""Myrbetriq""or""Mirabegron""or""mirabegron"") AND (Clinical Trial, Phase IV [pt]) AND (human [MeSH Terms])) NOT (Review [pt]) AND (1980:2020 [pdat])",drug
31571403,"((""Myrbetriq""or""Mirabegron""or""mirabegron"") AND (Clinical Trial, Phase IV [pt]) AND (human [MeSH Terms])) NOT (Review [pt]) AND (1980:2020 [pdat])",drug
30311691,"((""Myrbetriq""or""Mirabegron""or""mirabegron"") AND (Clinical Trial, Phase IV [pt]) AND (human [MeSH Terms])) NOT (Review [pt]) AND (1980:2020 [pdat])",drug
29673355,"((""Myrbetriq""or""Mirabegron""or""mirabegron"") AND (Clinical Trial, Phase IV [pt]) AND (human [MeSH Terms])) NOT (Review [pt]) AND (1980:2020 [pdat])",drug
28620791,"((""Myrbetriq""or""Mirabegron""or""mirabegron"") AND (Clinical Trial, Phase IV [pt]) AND (human [MeSH Terms])) NOT (Review [pt]) AND (1980:2020 [pdat])",drug
25639296,"((""Myrbetriq""or""Mirabegron""or""mirabegron"") AND (Clinical Trial, Phase IV [pt]) AND (human [MeSH Terms])) NOT (Review [pt]) AND (1980:2020 [pdat])",drug
31339011,"((""Nesina""or""Alogliptin""or""alogliptin benzoate"") AND (Clinical Trial, Phase IV [pt]) AND (human [MeSH Terms])) NOT (Review [pt]) AND (1980:2020 [pdat])",drug
26277887,"((""Nesina""or""Alogliptin""or""alogliptin benzoate"") AND (Clinical Trial, Phase IV [pt]) AND (human [MeSH Terms])) NOT (Review [pt]) AND (1980:2020 [pdat])",drug
31960058,"((""Dificid""or""Fidaxomicin""or""fidaxomicin"") AND (Clinical Trial, Phase IV [pt]) AND (human [MeSH Terms])) NOT (Review [pt]) AND (1980:2020 [pdat])",drug
30260412,"((""Dificid""or""Fidaxomicin""or""fidaxomicin"") AND (Clinical Trial, Phase IV [pt]) AND (human [MeSH Terms])) NOT (Review [pt]) AND (1980:2020 [pdat])",drug
29800295,"((""Dificid""or""Fidaxomicin""or""fidaxomicin"") AND (Clinical Trial, Phase IV [pt]) AND (human [MeSH Terms])) NOT (Review [pt]) AND (1980:2020 [pdat])",drug
29273269,"((""Dificid""or""Fidaxomicin""or""fidaxomicin"") AND (Clinical Trial, Phase IV [pt]) AND (human [MeSH Terms])) NOT (Review [pt]) AND (1980:2020 [pdat])",drug
32641154,"((""Olumiant""or""Baricitinib ""or""baricitinib"") AND (Clinical Trial, Phase IV [pt]) AND (human [MeSH Terms])) NOT (Review [pt]) AND (1980:2020 [pdat])",drug
32572189,"((""Bosulif""or""Bosutinib""or""bosutinib"") AND (Clinical Trial, Phase IV [pt]) AND (human [MeSH Terms])) NOT (Review [pt]) AND (1980:2020 [pdat])",drug
28228162,"((""Arcapta neohaler""or""Indacaterol""or""indacaterol maleate"") AND (Clinical Trial, Phase IV [pt]) AND (human [MeSH Terms])) NOT (Review [pt]) AND (1980:2020 [pdat])",drug
28143447,"((""Arcapta neohaler""or""Indacaterol""or""indacaterol maleate"") AND (Clinical Trial, Phase IV [pt]) AND (human [MeSH Terms])) NOT (Review [pt]) AND (1980:2020 [pdat])",drug
27812637,"((""Arcapta neohaler""or""Indacaterol""or""indacaterol maleate"") AND (Clinical Trial, Phase IV [pt]) AND (human [MeSH Terms])) NOT (Review [pt]) AND (1980:2020 [pdat])",drug
26392766,"((""Arcapta neohaler""or""Indacaterol""or""indacaterol maleate"") AND (Clinical Trial, Phase IV [pt]) AND (human [MeSH Terms])) NOT (Review [pt]) AND (1980:2020 [pdat])",drug
25214778,"((""Arcapta neohaler""or""Indacaterol""or""indacaterol maleate"") AND (Clinical Trial, Phase IV [pt]) AND (human [MeSH Terms])) NOT (Review [pt]) AND (1980:2020 [pdat])",drug
32900785,"((""Tradjenta""or""Linagliptin""or""BI-1356 BS ""iv"""") AND (Clinical Trial, Phase IV [pt]) AND (human [MeSH Terms])) NOT (Review [pt]) AND (1980:2020 [pdat])",drug
32493344,"((""Tradjenta""or""Linagliptin""or""BI-1356 BS ""iv"""") AND (Clinical Trial, Phase IV [pt]) AND (human [MeSH Terms])) NOT (Review [pt]) AND (1980:2020 [pdat])",drug
31482511,"((""Tradjenta""or""Linagliptin""or""BI-1356 BS ""iv"""") AND (Clinical Trial, Phase IV [pt]) AND (human [MeSH Terms])) NOT (Review [pt]) AND (1980:2020 [pdat])",drug
31368774,"((""Tradjenta""or""Linagliptin""or""BI-1356 BS ""iv"""") AND (Clinical Trial, Phase IV [pt]) AND (human [MeSH Terms])) NOT (Review [pt]) AND (1980:2020 [pdat])",drug
31297968,"((""Tradjenta""or""Linagliptin""or""BI-1356 BS ""iv"""") AND (Clinical Trial, Phase IV [pt]) AND (human [MeSH Terms])) NOT (Review [pt]) AND (1980:2020 [pdat])",drug
27733180,"((""Tradjenta""or""Linagliptin""or""BI-1356 BS ""iv"""") AND (Clinical Trial, Phase IV [pt]) AND (human [MeSH Terms])) NOT (Review [pt]) AND (1980:2020 [pdat])",drug
32056873,"((""Brintellix/Trintellix""or""Vortioxetine""or""vortioxetine"") AND (Clinical Trial, Phase IV [pt]) AND (human [MeSH Terms])) NOT (Review [pt]) AND (1980:2020 [pdat])",drug
31405765,"((""Brintellix/Trintellix""or""Vortioxetine""or""vortioxetine"") AND (Clinical Trial, Phase IV [pt]) AND (human [MeSH Terms])) NOT (Review [pt]) AND (1980:2020 [pdat])",drug
30353743,"((""Adlyxin""or""Lixisenatide""or""lixisenatide"") AND (Clinical Trial, Phase IV [pt]) AND (human [MeSH Terms])) NOT (Review [pt]) AND (1980:2020 [pdat])",drug
29915021,"((""Adlyxin""or""Lixisenatide""or""lixisenatide"") AND (Clinical Trial, Phase IV [pt]) AND (human [MeSH Terms])) NOT (Review [pt]) AND (1980:2020 [pdat])",drug
28449402,"((""Adlyxin""or""Lixisenatide""or""lixisenatide"") AND (Clinical Trial, Phase IV [pt]) AND (human [MeSH Terms])) NOT (Review [pt]) AND (1980:2020 [pdat])",drug
28345162,"((""Adlyxin""or""Lixisenatide""or""lixisenatide"") AND (Clinical Trial, Phase IV [pt]) AND (human [MeSH Terms])) NOT (Review [pt]) AND (1980:2020 [pdat])",drug
30107473,"((""Xeomin""or""IncobotulinumtoxinA""or""incobotulinumtoxinA"") AND (Clinical Trial, Phase IV [pt]) AND (human [MeSH Terms])) NOT (Review [pt]) AND (1980:2020 [pdat])",drug
23687362,"((""Xeomin""or""IncobotulinumtoxinA""or""incobotulinumtoxinA"") AND (Clinical Trial, Phase IV [pt]) AND (human [MeSH Terms])) NOT (Review [pt]) AND (1980:2020 [pdat])",drug
23174049,"((""Xeomin""or""IncobotulinumtoxinA""or""incobotulinumtoxinA"") AND (Clinical Trial, Phase IV [pt]) AND (human [MeSH Terms])) NOT (Review [pt]) AND (1980:2020 [pdat])",drug
31143073,"((""Viekira Pak""or""Ombitasvir and  paritaprevir and  dasabuvir and  ritonavir""or""ombitasvir and paritaprevir and ritonavir and dasabuvir"") AND (Clinical Trial, Phase IV [pt]) AND (human [MeSH Terms])) NOT (Review [pt]) AND (1980:2020 [pdat])",drug
27890471,"((""Adempas""or""Riociguat""or""riociguat"") AND (Clinical Trial, Phase IV [pt]) AND (human [MeSH Terms])) NOT (Review [pt]) AND (1980:2020 [pdat])",drug
32939860,"((""Siliq""or""Brodalumab ""or""brodalumab"") AND (Clinical Trial, Phase IV [pt]) AND (human [MeSH Terms])) NOT (Review [pt]) AND (1980:2020 [pdat])",drug
25808103,"((""Motegrity""or""Prucalopride ""or""prucalopride succinate"") AND (Clinical Trial, Phase IV [pt]) AND (human [MeSH Terms])) NOT (Review [pt]) AND (1980:2020 [pdat])",drug
32301503,"((""Picato""or""Ingenol mebutate""or""ingenol mebutate"") AND (Clinical Trial, Phase IV [pt]) AND (human [MeSH Terms])) NOT (Review [pt]) AND (1980:2020 [pdat])",drug
29355904,"((""Picato""or""Ingenol mebutate""or""ingenol mebutate"") AND (Clinical Trial, Phase IV [pt]) AND (human [MeSH Terms])) NOT (Review [pt]) AND (1980:2020 [pdat])",drug
29030864,"((""Picato""or""Ingenol mebutate""or""ingenol mebutate"") AND (Clinical Trial, Phase IV [pt]) AND (human [MeSH Terms])) NOT (Review [pt]) AND (1980:2020 [pdat])",drug
31178422,"((""Opsumit""or""Macitentan""or""macitentan"") AND (Clinical Trial, Phase IV [pt]) AND (human [MeSH Terms])) NOT (Review [pt]) AND (1980:2020 [pdat])",drug
30788123,"((""Prepopik""or""Picosulfate""or""Picoprep"") AND (Clinical Trial, Phase IV [pt]) AND (human [MeSH Terms])) NOT (Review [pt]) AND (1980:2020 [pdat])",drug
17504357,"((""Prepopik""or""Picosulfate""or""Picoprep"") AND (Clinical Trial, Phase IV [pt]) AND (human [MeSH Terms])) NOT (Review [pt]) AND (1980:2020 [pdat])",drug
17407625,"((""Prepopik""or""Picosulfate""or""Picoprep"") AND (Clinical Trial, Phase IV [pt]) AND (human [MeSH Terms])) NOT (Review [pt]) AND (1980:2020 [pdat])",drug
31922462,"((""Xiaflex""or""Collagenase clostridium histolyticum""or""collagenase Clostridium histolyticum"") AND (Clinical Trial, Phase IV [pt]) AND (human [MeSH Terms])) NOT (Review [pt]) AND (1980:2020 [pdat])",drug
28341067,"((""Xiaflex""or""Collagenase clostridium histolyticum""or""collagenase Clostridium histolyticum"") AND (Clinical Trial, Phase IV [pt]) AND (human [MeSH Terms])) NOT (Review [pt]) AND (1980:2020 [pdat])",drug
32471423,"((""Breo Ellipta""or""Fluticasone and  vilanterol""or""fluticasone furoate and vilanterol"") AND (Clinical Trial, Phase IV [pt]) AND (human [MeSH Terms])) NOT (Review [pt]) AND (1980:2020 [pdat])",drug
30795705,"((""Breo Ellipta""or""Fluticasone and  vilanterol""or""fluticasone furoate and vilanterol"") AND (Clinical Trial, Phase IV [pt]) AND (human [MeSH Terms])) NOT (Review [pt]) AND (1980:2020 [pdat])",drug
27298410,"((""Imlygic""or""Talimogene laherparepvec""or""talimogene laherparepvec"") AND (Clinical Trial, Phase IV [pt]) AND (human [MeSH Terms])) NOT (Review [pt]) AND (1980:2020 [pdat])",drug
27477062,"((""Genvoya""or""Elvitegravir and  cobicistat and  emtricitabine and  tenofovir""or""cobicistatandelvitegravirandtenofovir alafenamideandemtricitabine"") AND (Clinical Trial, Phase IV [pt]) AND (human [MeSH Terms])) NOT (Review [pt]) AND (1980:2020 [pdat])",drug
27220697,"((""Natazia""or""Oestradiol valerate and  dienogest ""or""dienogest and estradiol valerate and  sequential and  Bayer Schering"") AND (Clinical Trial, Phase IV [pt]) AND (human [MeSH Terms])) NOT (Review [pt]) AND (1980:2020 [pdat])",drug
30944129,"((""Zioptan""or""Tafluprost""or""tafluprost"") AND (Clinical Trial, Phase IV [pt]) AND (human [MeSH Terms])) NOT (Review [pt]) AND (1980:2020 [pdat])",drug
30935657,"((""Jetrea""or""Ocriplasmin""or""ocriplasmin"") AND (Clinical Trial, Phase IV [pt]) AND (human [MeSH Terms])) NOT (Review [pt]) AND (1980:2020 [pdat])",drug
30308558,"((""Jetrea""or""Ocriplasmin""or""ocriplasmin"") AND (Clinical Trial, Phase IV [pt]) AND (human [MeSH Terms])) NOT (Review [pt]) AND (1980:2020 [pdat])",drug
30655277,"((""Striverdi Respimat""or""Olodaterol""or""olodaterol"") AND (Clinical Trial, Phase IV [pt]) AND (human [MeSH Terms])) NOT (Review [pt]) AND (1980:2020 [pdat])",drug
27309887,"((""Mektovi""or""Binimetinib ""or""binimetinib"") AND (Clinical Trial, Phase IV [pt]) AND (human [MeSH Terms])) NOT (Review [pt]) AND (1980:2020 [pdat])",drug
26039688,"((""Viibryd""or""Vilazodone""or""vilazodone"") AND (Clinical Trial, Phase IV [pt]) AND (human [MeSH Terms])) NOT (Review [pt]) AND (1980:2020 [pdat])",drug
25396353,"((""Viibryd""or""Vilazodone""or""vilazodone"") AND (Clinical Trial, Phase IV [pt]) AND (human [MeSH Terms])) NOT (Review [pt]) AND (1980:2020 [pdat])",drug
32471423,"((""Anoro Ellipta""or""Umeclidinium and  vilanterol""or""umeclidinium bromide and vilanterol"") AND (Clinical Trial, Phase IV [pt]) AND (human [MeSH Terms])) NOT (Review [pt]) AND (1980:2020 [pdat])",drug
33026753,"((""Jublia""or""Efinaconazole""or""efinaconazole"") AND (Clinical Trial, Phase IV [pt]) AND (human [MeSH Terms])) NOT (Review [pt]) AND (1980:2020 [pdat])",drug
32622145,"((""Jublia""or""Efinaconazole""or""efinaconazole"") AND (Clinical Trial, Phase IV [pt]) AND (human [MeSH Terms])) NOT (Review [pt]) AND (1980:2020 [pdat])",drug
32418289,"((""Jublia""or""Efinaconazole""or""efinaconazole"") AND (Clinical Trial, Phase IV [pt]) AND (human [MeSH Terms])) NOT (Review [pt]) AND (1980:2020 [pdat])",drug
29240863,"((""Jublia""or""Efinaconazole""or""efinaconazole"") AND (Clinical Trial, Phase IV [pt]) AND (human [MeSH Terms])) NOT (Review [pt]) AND (1980:2020 [pdat])",drug
30951372,"((""Tudorza Pressair""or""Aclidinium bromide""or""aclidinium bromide"") AND (Clinical Trial, Phase IV [pt]) AND (human [MeSH Terms])) NOT (Review [pt]) AND (1980:2020 [pdat])",drug
28883722,"((""Tudorza Pressair""or""Aclidinium bromide""or""aclidinium bromide"") AND (Clinical Trial, Phase IV [pt]) AND (human [MeSH Terms])) NOT (Review [pt]) AND (1980:2020 [pdat])",drug
26549785,"((""Tudorza Pressair""or""Aclidinium bromide""or""aclidinium bromide"") AND (Clinical Trial, Phase IV [pt]) AND (human [MeSH Terms])) NOT (Review [pt]) AND (1980:2020 [pdat])",drug
30381412,"((""Veltassa""or""Patiromer""or""patiromer"") AND (Clinical Trial, Phase IV [pt]) AND (human [MeSH Terms])) NOT (Review [pt]) AND (1980:2020 [pdat])",drug
30103622,"((""Veltassa""or""Patiromer""or""patiromer"") AND (Clinical Trial, Phase IV [pt]) AND (human [MeSH Terms])) NOT (Review [pt]) AND (1980:2020 [pdat])",drug
24418368,"((""Rixubis""or""Coagulation Factor IX ""Recombinant""""or""nonacog gamma"") AND (Clinical Trial, Phase IV [pt]) AND (human [MeSH Terms])) NOT (Review [pt]) AND (1980:2020 [pdat])",drug
31951149,"((""Libtayo""or""Cemiplimab""or""cemiplimab"") AND (Clinical Trial, Phase IV [pt]) AND (human [MeSH Terms])) NOT (Review [pt]) AND (1980:2020 [pdat])",drug
32212104,"((""Eucrisa""or""Crisaborole""or""crisaborole"") AND (Clinical Trial, Phase IV [pt]) AND (human [MeSH Terms])) NOT (Review [pt]) AND (1980:2020 [pdat])",drug
31058652,"((""Movantik""or""Naloxegol""or""naloxegol"") AND (Clinical Trial, Phase IV [pt]) AND (human [MeSH Terms])) NOT (Review [pt]) AND (1980:2020 [pdat])",drug
26447066,"((""Ampyra""or""Dalfampridine""or""dalfampridine"") AND (Clinical Trial, Phase IV [pt]) AND (human [MeSH Terms])) NOT (Review [pt]) AND (1980:2020 [pdat])",drug
29565424,"((""Lumizyme""or""Alglucosidase alfa""or""alglucosidase alfa"") AND (Clinical Trial, Phase IV [pt]) AND (human [MeSH Terms])) NOT (Review [pt]) AND (1980:2020 [pdat])",drug
27473031,"((""Lumizyme""or""Alglucosidase alfa""or""alglucosidase alfa"") AND (Clinical Trial, Phase IV [pt]) AND (human [MeSH Terms])) NOT (Review [pt]) AND (1980:2020 [pdat])",drug
25591992,"((""Stendra""or""Avanafil""or""avanafil"") AND (Clinical Trial, Phase IV [pt]) AND (human [MeSH Terms])) NOT (Review [pt]) AND (1980:2020 [pdat])",drug
31356229,"((""Viberzi""or""Eluxadoline""or""eluxadoline"") AND (Clinical Trial, Phase IV [pt]) AND (human [MeSH Terms])) NOT (Review [pt]) AND (1980:2020 [pdat])",drug
32418289,"((""Kerydin""or""Tavaborole""or""tavaborole"") AND (Clinical Trial, Phase IV [pt]) AND (human [MeSH Terms])) NOT (Review [pt]) AND (1980:2020 [pdat])",drug
30811142,"((""Kerydin""or""Tavaborole""or""tavaborole"") AND (Clinical Trial, Phase IV [pt]) AND (human [MeSH Terms])) NOT (Review [pt]) AND (1980:2020 [pdat])",drug
29240863,"((""Kerydin""or""Tavaborole""or""tavaborole"") AND (Clinical Trial, Phase IV [pt]) AND (human [MeSH Terms])) NOT (Review [pt]) AND (1980:2020 [pdat])",drug
32689975,"((""Biktarvy""or""Bictegravir and  emtricitabine and  tenofovir alafenamide""or""bictegravir and emtricitibine and tenofovir alafenamide and  Gilead Sciences"") AND (Clinical Trial, Phase IV [pt]) AND (human [MeSH Terms])) NOT (Review [pt]) AND (1980:2020 [pdat])",drug
32641154,"((""Ultomiris""or""Ravulizumab ""or""ravulizumab"") AND (Clinical Trial, Phase IV [pt]) AND (human [MeSH Terms])) NOT (Review [pt]) AND (1980:2020 [pdat])",drug
29941057,"((""Aristada""or""Aripiprazole lauroxil""or""aripiprazole lauroxil"") AND (Clinical Trial, Phase IV [pt]) AND (human [MeSH Terms])) NOT (Review [pt]) AND (1980:2020 [pdat])",drug
32333847,"((""Raxibacumab""or""Raxibacumab""or""raxibacumab"") AND (Clinical Trial, Phase IV [pt]) AND (human [MeSH Terms])) NOT (Review [pt]) AND (1980:2020 [pdat])",drug
24418368,"((""Ixinity""or""Recombinant Coagulation factor IX ""or""trenonacog alfa"") AND (Clinical Trial, Phase IV [pt]) AND (human [MeSH Terms])) NOT (Review [pt]) AND (1980:2020 [pdat])",drug
